<?xml version="1.0" encoding="ISO-8859-1"?>
<!-- [y] hybris Platform Copyright (c) 2000-2015 hybris AG All rights reserved. This software is the confidential and proprietary information of hybris 
	("Confidential Information"). You shall not disclose such Confidential Information and shall use it only in accordance with the terms of the license agreement 
	you entered into with hybris. -->
<!-- ATTENTION: This is just an example file. You have to edit it according to your needs. -->

<items xmlns:xsi="http://www.w3.org/2001/XMLSchema-instance" xsi:noNamespaceSchemaLocation="items.xsd">

	<enumtypes>

		<enumtype code="SocialType">
			<value code="GooglePlus" />
			<value code="LinkedIn" />
			<value code="Facebook" />
			<value code="Pocket" />
			<value code="CNK" />
		</enumtype>
	</enumtypes>
	<itemtypes>
		<itemtype code="Customer" autocreate="false" generate="false">
			<attributes>
				<attribute autocreate="true" qualifier="socialId" type="java.lang.String">
					<modifiers read="true" write="true" optional="true" />
					<persistence type="property" />
				</attribute>
				<attribute qualifier="socialType" autocreate="true" type="SocialType">
					<modifiers read="true" write="true" />
					<persistence type="property" />
				</attribute>
			</attributes>
		</itemtype>
	</itemtypes>
</items>
