<?xml version="1.0" encoding="UTF-8"?>
<!-- [y] hybris Platform Copyright (c) 2000-2015 hybris AG All rights reserved. This software is the confidential and proprietary information of hybris 
	("Confidential Information"). You shall not disclose such Confidential Information and shall use it only in accordance with the terms of the license agreement 
	you entered into with hybris. -->

<beans xmlns="http://www.springframework.org/schema/beans" xmlns:xsi="http://www.w3.org/2001/XMLSchema-instance" xmlns:aop="http://www.springframework.org/schema/aop"
	xmlns:security="http://www.springframework.org/schema/security" xmlns:context="http://www.springframework.org/schema/context"
	xsi:schemaLocation="http://www.springframework.org/schema/beans
           http://www.springframework.org/schema/beans/spring-beans.xsd
           http://www.springframework.org/schema/aop
           http://www.springframework.org/schema/aop/spring-aop.xsd
           http://www.springframework.org/schema/security
		   http://www.springframework.org/schema/security/spring-security.xsd
           http://www.springframework.org/schema/context
           http://www.springframework.org/schema/context/spring-context.xsd">

	<context:annotation-config />

	<context:component-scan base-package="com.cnk.travelogix.air.auth.addon.controllers"></context:component-scan>

	<!-- Expose /acceleratoraddon/web/webroot/WEB-INF/messages/base.js.properties resource bundle as javascript variables -->
	<bean id="defaultSocialauthaddonJavaScriptMessageResourceAccessor" parent="abstractJavaScriptMessageResourceAccessor">
		<property name="addOnName" value="socialauthaddon" />
	</bean>

	<bean id="defaultSocialauthaddonBeforeViewJsPropsHandlerAdaptee" parent="abstractBeforeViewJsPropsHandlerAdaptee"
		class="com.cnk.travelogix.air.auth.addon.viewhandler.GooglePlusBeforeViewHandler">
		<property name="messageSource" ref="defaultSocialauthaddonJavaScriptMessageResourceAccessor" />
	</bean>

	<bean id="getSocialauthaddonBeforeViewHandler" parent="beforeViewHandlerAdapter">
		<property name="adaptee">
			<ref bean="defaultSocialauthaddonBeforeViewJsPropsHandlerAdaptee" />
		</property>
	</bean>
	<bean id="SocialauthaddonBeforeViewHandlerListMergeDirective" depends-on="beforeViewHandlersList" parent="listMergeDirective">
		<property name="add" ref="getSocialauthaddonBeforeViewHandler" />
	</bean>

	<security:authentication-manager alias="googlePlusAuthenticationManager">
		<security:authentication-provider ref="googlePlusAuthenticationProvider" />
	</security:authentication-manager>

	<!-- Login Failure Handlers -->
	<bean id="googleBruteForceAttackCounter" class="com.cnk.travelogix.air.auth.addon.security.DefaultBruteForceAttackCounter">
		<constructor-arg name="maxFailedLogins" value="5" />
		<constructor-arg name="cacheExpiration" value="60" />
		<constructor-arg name="cacheSizeLimit" value="1000" />
	</bean>
	
	<bean id="googlePlusAuthenticationProvider" class="com.cnk.travelogix.air.auth.addon.security.GooglePlueAuthenticationProvider" >
		<property name="googlePlusUserService" ref="googlePlusUserService" />
		<property name="bruteForceAttackCounter" ref="googleBruteForceAttackCounter" />
		<property name="modelService" ref="modelService" />
		<property name="googleAuthTemplate" ref="googleAuthTemplate" />
		<property name="userDetailsService" ref="originalidUserDetailsService" />
	</bean>


	<bean id="googlePlusAutoLoginStrategy" class="com.cnk.travelogix.air.auth.addon.security.GooglePlusAutoLoginStrategy">
		<property name="authenticationManager" ref="googlePlusAuthenticationManager" />
		<property name="guidCookieStrategy" ref="guidCookieStrategy" />
		<property name="rememberMeServices" ref="rememberMeServices" />
		<property name="customerFacade" ref="customerFacade" />
	</bean>

</beans>
