{"web":{"client_id":"214917722766-iipue3qr4oj0c8ei0pi5bkrvsff9nejb.apps.googleusercontent.com","project_id":"travelogix2","auth_uri":"https://accounts.google.com/o/oauth2/auth","token_uri":"https://accounts.google.com/o/oauth2/token","auth_provider_x509_cert_url":"https://www.googleapis.com/oauth2/v1/certs","client_secret":"PZFr4ytK6HPDy193wb4-hJOl","redirect_uris":["http://electronics.com:9001/electronics/en/oauth2callback"],"javascript_origins":["https://electronics.local:9002","http://electronics.local:9001"]}}